排名,姓名,性别,年龄,出生地,财富,公司名称,行业名称
1,张一鸣,先生,41,中国-福建-龙岩,3500.0,字节跳动,社交媒体
2,钟睒睒,先生,70,中国-浙江-绍兴,3400.0,养生堂,饮料、医疗保健
3,马化腾,先生,53,中国-海南,3150.0,腾讯,互联网服务
4,黄峥,先生,44,中国-浙江-杭州,2450.0,拼多多,购物网站
5,何享健,先生,82,中国-广东-佛山,2350.0,美的,家电制造
6,曾毓群,先生,56,中国-福建-宁德,2000.0,宁德时代,锂电池
6,丁磊,先生,53,中国-浙江-宁波,2000.0,网易,互联网技术
6,李嘉诚、李泽钜,先生,96,中国-香港,2000.0,长江实业,投资
9,李兆基,先生,96,中国-广东-佛山,1750.0,恒基兆业,房地产
10,马云,先生,60,中国-浙江-杭州,1650.0,阿里系,电子商务、金融科技
11,李书福,先生,61,中国-浙江-台州,1450.0,吉利,汽车制造
11,严昊,先生,38,中国-江苏-淮安,1450.0,太平洋建设,基础建设
11,张刚,先生,43,中国-山东-聊城,1450.0,信发铝电,电解铝、氧化铝
14,李蔡美灵,先生,未知,中国-香港,1400.0,李锦记,调味品
14,吕向阳、张长虹,先生,61,中国-安徽-芜湖,1400.0,融捷,投资
16,秦英林、钱瑛,先生,59,中国-河南-南阳,1350.0,牧原,畜牧
16,王传福,先生,58,中国-安徽-芜湖,1350.0,比亚迪,汽车、充电电池
16,赵长鹏,先生,47,中国-江苏-连云港,1350.0,币安,虚拟货币交易所
19,雷军,先生,55,中国-湖北-仙桃,1300.0,小米,智能硬件与技术、投资
20,陈建华、范红卫,先生,53,中国-江苏-苏州,1250.0,恒力,化纤、石化、房地产
20,张志东,先生,52,中国-广东-东莞,1250.0,腾讯,互联网服务
22,刘永行、刘相宇,先生,76,中国-四川-成都,1200.0,东方希望,氧化铝、重化工、饲料
23,王卫,先生,54,中国-上海,1100.0,顺丰,快递
23,魏建军、韩雪娟,先生,60,中国-河北-保定,1100.0,长城,汽车制造
23,郑淑良,先生,78,中国-山东,1100.0,魏桥创业,铝业、纺织
26,李西廷,先生,73,中国-安徽-宿州,1000.0,迈瑞,医疗器械
27,党彦宝,先生,51,,950.0,宝丰,煤化工
27,徐航,先生,62,中国-广东-广州,950.0,迈瑞、鹏瑞,医疗器械、房地产
27,郑家纯,先生,76,中国-香港,950.0,周大福,珠宝
30,郭台铭,先生,74,中国-台湾-新北,930.0,鸿海,电子制造
30,吴光正,先生,78,中国-上海,930.0,会德丰,房地产
32,刘銮雄,先生,73,中国-香港,910.0,华人置业,房地产
33,黄世霖,先生,57,中国-福建-宁德,890.0,宁德时代,锂电池
34,王兴,先生,45,中国-福建-龙岩,885.0,美团,生活服务
35,庞康,先生,68,中国-广东-佛山,870.0,海天味业,调味品
36,杜纪川,先生,83,中国-重庆,850.0,金士顿科技,半导体
36,孙大卫,先生,73,中国-台湾-台北,850.0,金士顿科技,半导体
38,林立,先生,61,中国-广东-河源,810.0,立业,投资
38,宗馥莉,女士,未知,,810.0,娃哈哈,饮料
40,吕志和,先生,95,中国-香港,800.0,银河,博彩
40,严彬,先生,70,中国-河南-新乡,800.0,华彬,饮料、地产
42,钟慧娟,女士,63,,770.0,翰森,医药
43,李泽楷,先生,58,中国-香港,750.0,电讯盈科,电信
44,蔡浩宇,先生,37,中国-山东-济南,730.0,米哈游,游戏
45,张聪渊,先生,76,中国-台湾-桃园,720.0,华利实业,鞋业
46,刘汉元、管亚梅,先生,60,中国-四川-眉山,700.0,通威,新能源、农业
47,林百里,先生,75,中国-上海,695.0,广达电脑,消费电子产品
48,刘永好,先生,73,中国-四川-成都,690.0,新希望,农业、化工、金融
49,蔡崇信,先生,60,中国-台湾,680.0,阿里系,电子商务、金融科技
50,陈东升,先生,67,中国-湖北-荆门,670.0,泰康,保险
50,项光达,先生,66,中国-浙江-温州,670.0,青山控股,钢铁
50,于泳,先生,未知,,670.0,鸿商产业,钼矿
50,张国华,先生,69,中国-台湾-台北,670.0,长荣集团,物流、钢铁
54,邝肖卿,女士,95,中国-香港,665.0,新鸿基,房地产
55,孙飘扬,先生,66,中国-江苏-镇江,650.0,恒瑞,医药
56,周群飞、郑俊龙,女士,54,中国-湖南-湘潭,635.0,蓝思科技,电子器件制造
57,王来胜、王雅媛,先生,60,中国-广东-汕头,630.0,立讯精密,消费电子
57,徐浩宇,先生,52,中国-江苏-泰州,630.0,扬子江药业,医药
59,王来春,女士,57,中国-广东-汕头,620.0,立讯精密,消费电子
59,朱保国,先生,62,中国-河南-新乡,620.0,健康元,医药
61,龚虹嘉、陈春梅,先生,59,,615.0,海康威视,视频监控产品
62,岑均达,先生,未知,,610.0,恒瑞、翰森,医药
63,梁稳根、梁在中,先生,68,中国-湖南-娄底,600.0,三一,重型机械
63,王玉锁、赵宝菊,先生,60,中国-河北-廊坊,600.0,新奥,天然气、能源化工
65,陈天桥、雒芊芊,先生,51,中国-浙江-绍兴,590.0,盛大,投资
65,汪俊林,先生,62,中国-四川-眉山,590.0,郎酒,白酒
67,杜双华,先生,59,中国-河北-衡水,575.0,日照钢铁,钢铁
68,陈丽华,女士,83,中国-北京,550.0,富华,房地产、紫檀博物馆
68,李水荣,先生,68,中国-浙江,550.0,荣盛控股,化纤
70,张勇、舒萍,先生,53,中国-四川-成都,540.0,海底捞,餐饮
71,李彦宏、马东敏,先生,56,中国-山西-阳泉,525.0,百度,网络信息服务
72,曹仁贤、苏蕾,先生,56,中国-浙江-杭州,520.0,阳光电源,光伏设备
72,刘强东、章泽天,先生,50,中国-江苏-宿迁,520.0,京东,电子商务、金融
74,林木勤、林煜鹏,先生,60,中国-广东-深圳,510.0,东鹏饮料,食品饮料
74,朱义,先生,61,,510.0,百利天恒,医药
76,汪立平,先生,58,中国-江苏-无锡,500.0,恒立液压,高压油缸
76,许仰天,先生,40,山东-淄博,500.0,希音,电商
76,严昕,女士,41,中国-江苏-淮安,500.0,苏商,基础设施建设
79,林斌,先生,56,,490.0,小米,智能硬件与技术
79,罗立国,先生,68,中国-浙江-宁波,490.0,合盛,硅材料
79,吴亚军,女士,60,中国-重庆,490.0,龙湖,房地产
82,裴振华、容建芬,先生,未知,,480.0,天华超净,超净产品
82,许世辉,先生,67,中国-福建-泉州,480.0,达利食品,食品
84,蔡明兴,先生,67,中国-台湾,460.0,富邦,金融服务
84,陈邦,先生,59,中国-湖南-长沙,460.0,爱尔眼科,医疗服务
86,黄楚龙,先生,65,中国-广东-揭阳,450.0,星河,房地产、投资
86,李华,先生,58,中国-四川,450.0,卓越,房地产
88,蔡明忠,先生,68,中国-台湾,440.0,富邦,金融服务
88,谢青,先生,未知,中国-北京,440.0,飞塔,网路安全
90,李天颖,先生,未知,中国-香港,435.0,新鸿基,房地产
90,米高·嘉道理,先生,83,中国-香港,435.0,中电,能源
92,陈贤哲,先生,71,中国-台湾,430.0,北极星,投资
92,张虔生,先生,80,中国-台湾,430.0,日月光,工业品、房地产
94,虞仁荣,先生,58,,425.0,韦尔股份,半导体
95,蔡宏图,先生,72,中国-台湾,420.0,霖园,金融服务
95,杨惠妍,女士,43,中国-广东-佛山,420.0,碧桂园,投资、房地产、教育
97,沈国军,先生,62,中国-浙江-宁波,415.0,银泰,零售、房地产、物流
97,宋建波,先生,54,中国-山东-烟台,415.0,南山,铝业、纺织、房地产
99,霍斯特·帕德威尔,先生,79,中国-香港,410.0,创科实业,消费品
99,鲁伟鼎,先生,53,中国-浙江-杭州,410.0,万向,汽车制造业、房地产、农业
99,其实,先生,54,中国-上海,410.0,东方财富,信息服务
99,阮立平,先生,60,,410.0,公牛,插座
103,方威,先生,51,中国-辽宁-沈阳,405.0,方大,碳素、钢铁、煤焦
103,蒋仁生,先生,71,中国-广西-桂林,405.0,智飞生物,疫苗
103,阮学平,先生,52,,405.0,公牛,插座
103,朱孟依,先生,65,中国-广东-梅州,405.0,合生创展,房地产、投资
107,蔡衍明,先生,67,中国-台湾-台北,400.0,旺旺,食品和饮料
107,丁世忠,先生,54,中国-福建-泉州,400.0,安踏,体育用品
107,赖海民,先生,58,中国-广东-揭阳,400.0,鸿荣源,房地产
107,刘伟,先生,37,,400.0,米哈游,游戏
107,苏海文,先生,83,奥地利,400.0,BW,物流
112,王旭宁,先生,55,中国-北京,395.0,JS环球生活,小家电
113,谢华,先生,未知,中国-北京,390.0,飞塔,网路安全
114,蔡政达,先生,未知,中国-台湾,385.0,霖园,金融服务
114,李平,先生,56,,385.0,宁德时代,锂电池
116,曾芳勤,女士,59,,380.0,领益智造,消费电子精密件
116,丁世家,先生,60,中国-福建-泉州,380.0,安踏,体育用品
116,罗宇皓,先生,37,,380.0,米哈游,游戏
116,沈彬,未知,未知,中国-浙江-杭州,380.0,沙钢,钢铁
120,李小冬,先生,46,,375.0,冬海集团,网络游戏、电商
120,谢炳,先生,72,中国-广东-汕头,375.0,中生制药,医药
122,高德康,先生,72,中国-江苏-苏州,370.0,波司登,服装
122,马建荣,先生,59,中国-浙江,370.0,申洲针织,纺织、服装
122,修涞贵、李艳华,先生,69,中国-吉林,370.0,修正药业,医药
125,邬建树,先生,60,中国-浙江-宁波,360.0,拓普,汽车零部件制造
126,陈发树,先生,63,中国-福建-泉州,355.0,新华都,医药、零售、投资
126,黄如论、黄涛,先生,73,中国-福建-福州,355.0,世纪金源,房地产
128,赖梅松,先生,54,,350.0,中通,物流
128,汪滔,先生,44,中国-浙江-杭州,350.0,大疆,无人机
128,张和君,先生,72,,350.0,德业股份,电器零部件制造
131,朱艳,先生,53,中国-陕西-渭南,340.0,贝壳,房地产服务
132,陈志列、王蓉,先生,61,中国-江苏-无锡,335.0,研祥,特种计算机
132,李想,先生,43,,335.0,理想汽车,新能源汽车
132,张忠谋,先生,93,中国-浙江-宁波,335.0,台积电,半导体
135,刘金成、骆锦红,先生,60,中国-湖北-武汉,330.0,亿纬锂能,锂电池
135,张志祥,先生,57,中国-浙江-宁波,330.0,建龙,钢铁、矿业、船运
137,李革,先生,57,中国-北京,325.0,药明康德,医药
137,林张素娥,先生,未知,,325.0,联邦,房地产、金融
137,史玉柱、史静,先生,62,中国-安徽-蚌阜,325.0,巨人,金融、在线游戏、投资
140,陈天石,先生,39,,320.0,寒武纪,人工智能芯片
140,何小鹏,先生,47,中国-湖北-黄石,320.0,小鹏汽车,新能源汽车
140,胡凯军,先生,62,,320.0,远大,医药
143,陈金霞,女士,56,中国-上海,315.0,涌金投资,医药、投资
144,何超琼,女士,62,中国-香港,310.0,信德、美高梅中国,博彩
145,郭炳联,先生,72,中国-香港,305.0,新鸿基,房地产
145,郭基辉,先生,41,中国-香港,305.0,新鸿基,房地产
145,施永宏、李海燕,先生,54,中国-四川-成都,305.0,海底捞,餐饮
148,程雪,女士,54,中国-江苏-盐城,300.0,海天味业,调味品
148,董建成,先生,81,中国-上海,300.0,东方海外,运输
148,林建华、张虹,先生,62,中国-福建,300.0,福斯特,光伏材料
148,刘益谦,先生,61,中国-上海,300.0,新理益,投资
148,沈南鹏,先生,57,中国-浙江-嘉兴,300.0,红杉,投资
148,杨建文,先生,71,中国-香港,300.0,伯恩光学,工业产品
148,易峥,先生,54,中国-北京,300.0,同花顺,软件
155,陈凯旋,先生,66,中国-广东-揭阳,295.0,立白,日化用品
155,辜仲立,先生,57,中国-台湾-台北,295.0,中信金控,金融服务
157,蔡奎,先生,63,中国-四川-资阳,290.0,龙湖,房地产
157,蔡志明,先生,79,中国-广东-揭阳,290.0,旭日国际,玩具
157,米恩华,先生,66,中国-山东-泰安,290.0,华凌工贸,地产、畜牧
157,王健林,先生,70,中国-四川-绵阳,290.0,万达,房地产、文化
157,吴向东,先生,54,中国-湖南-株洲,290.0,华泽,酒业、投资
157,杨绍鹏,先生,68,中国-山东-青岛,290.0,海丰,航运
157,尤小平,先生,66,中国-浙江-温州,290.0,华峰,化工、铝业、投资
164,蔡明介,先生,74,中国-台湾,285.0,联发科技,半导体
164,陈华,先生,58,中国-广东-湛江,285.0,京基,房地产、投资
164,郭广昌,先生,57,中国-浙江-金华,285.0,复星,投资
164,赵涛,先生,58,中国-陕西-西安,285.0,步长,医药
168,钭正刚,先生,71,中国-浙江,280.0,锦江,能源、化工
168,李华,先生,46,,280.0,富途,金融服务
168,孙广信,先生,62,中国-新疆-乌鲁木齐,280.0,广汇,汽车销售、能源、房地产
168,徐旭东,先生,83,中国-上海,280.0,远东,金融服务
172,王宁,先生,37,中国-河南-新乡,275.0,泡泡玛特,玩具
173,李贤义,先生,72,中国-福建-泉州,270.0,信义,玻璃
173,涂辉龙,先生,65,中国-广东-汕尾,270.0,海雅,商业、金融、地产
173,朱鼎健,先生,50,中国-香港,270.0,观澜湖,房地产
176,梁庆德,先生,87,中国-广东-佛山,265.0,格兰仕,家电
176,夏佐全,先生,61,中国-湖北-襄阳,265.0,比亚迪,汽车、充电电池
176,叶澄海、廖清清,先生,81,中国-广东-梅州,265.0,信立泰,医药
179,江南春,先生,51,中国-上海,260.0,分众传媒,数字新媒体、投资
179,李振国、李喜燕,先生,56,中国-河南-许昌,260.0,隆基,硅材料
179,林陈海,先生,未知,中国-台湾-台北,260.0,宝佳,房地产
179,林鸿南,先生,57,中国-台湾,260.0,宏泰,投资
179,刘克振,先生,70,中国-台湾,260.0,研华,电脑产品
179,张磊,先生,52,中国-河南-驻马店,260.0,高瓴资本,投资
185,李春安,先生,56,中国-甘肃-兰州,255.0,隆基,硅材料
185,缪汉根、朱红梅,先生,59,中国-江苏-苏州,255.0,盛虹,印染、化纤、房地产
185,叶国富、杨云云,先生,47,中国-湖北-十堰,255.0,名创优品,新零售
185,余竹云,先生,51,中国-浙江-衢州,255.0,中环新能源,绿色建材、新能源
185,喻会蛟,先生,55,中国-浙江,255.0,圆通速递,物流
185,周建平,先生,63,中国-江苏-无锡,255.0,海澜,服装、投资
191,曹德旺,先生,78,中国-福建-福州,250.0,福耀玻璃,玻璃
191,杜江涛、郝虹,先生,55,中国-内蒙古-乌海,250.0,君正,煤化工、电力、运输
191,缪寿良,先生,69,中国-广东,250.0,富源,房地产、水电
191,彭铁缆,先生,未知,中国-湖南-长沙,250.0,博深集团,企业服务
191,宋涛,先生,48,,250.0,米哈游,游戏
196,严建亚、范代娣,先生,58,,245.0,巨子生物,生物科技
196,袁征,先生,54,中国-山东,245.0,zoom,视频软件
198,郭金树,先生,73,中国-内蒙古-鄂尔多斯,240.0,汇能,煤炭、路桥、房地产
198,姜滨、胡双美,先生,58,中国-山东-威海,240.0,歌尔股份,声学及多媒体产品
198,许家彰,先生,未知,,240.0,奇美,化工
198,姚良松,先生,60,中国-广东-梅州,240.0,欧派家居,橱柜
198,朱共山,先生,66,中国-江苏-盐城,240.0,协鑫,太阳能芯片、发电厂
203,曹其峰,先生,78,中国-香港,235.0,永新,杂货
203,张茵,女士,67,中国-广东-韶关,235.0,玖龙纸业,环保造纸
203,郑崇华,先生,88,中国-福建-南平,235.0,台达电子,半导体
206,陈大年,先生,46,中国-浙江-绍兴,230.0,掌门科技,上网平台
206,廖龙星,先生,未知,中国-台湾,230.0,长春,化工
206,林书鸿,先生,96,中国-台湾,230.0,长春,化工
206,王麒诚、吴艳,先生,44,中国-浙江-杭州,230.0,汉鼎宇佑,文化传媒、投资
206,徐波,先生,47,,230.0,多益网络,网络游戏
206,许荣茂,先生,74,中国-福建-泉州,230.0,世茂,投资、房地产
206,郑正,先生,未知,中国-台湾,230.0,长春,化工
213,董经贵、钱静红,先生,54,,225.0,雅迪,电动车
213,刘炽平,先生,51,中国-北京,225.0,腾讯,互联网服务
213,茅理翔,先生,83,中国-浙江-宁波,225.0,方太厨具,厨具
213,孙纪木、孙春莉,先生,68,中国-浙江-绍兴,225.0,新华联合冶金,钢铁
213,吴光明、吴群,先生,62,中国-江苏-镇江,225.0,鱼跃医疗,医疗设备
213,尹衍梁,先生,74,中国-台湾-台北,225.0,润泰,建筑开发、金融保险
213,张红超,先生,46,中国-河南-商丘,225.0,蜜雪冰城,餐饮
213,张红甫,先生,39,中国-河南-商丘,225.0,蜜雪冰城,餐饮
213,赵燕,女士,57,中国-云南-昆明,225.0,华熙国际,生物医药、房地产
213,郑坚江,先生,63,中国-浙江-宁波,225.0,奥克斯,家电、房地产
213,朱林瑶,女士,54,中国-四川,225.0,华宝国际,香精香料、烟草
224,蔡镇宇,先生,71,中国-台湾-台北,220.0,宝丰隆,金融服务
224,崔根良、崔巍,先生,66,中国-江苏-苏州,220.0,亨通,电缆、热能电力、投资
224,郭建军,先生,未知,,220.0,汇能,煤炭、路桥、房地产
224,罗才仁,先生,71,中国-台湾-彰化,220.0,正新橡胶,橡胶
228,郭梅兰、张寓帅,女士,未知,,215.0,东阳光,医药、电子新材料
228,薛敏,先生,未知,,215.0,联影医疗,医疗设备
228,赵藤雄,先生,80,中国-台湾,215.0,远雄,房地产
231,陈永泰,先生,88,中国-台湾-台北,210.0,震旦,办公家具、房地产
231,仇建平、王玲玲,先生,62,中国-浙江-杭州,210.0,巨星科技,工具制造
231,马维建,先生,未知,,210.0,元大,金融服务
234,郭恩元,先生,76,中国-河北-邯郸,205.0,普阳钢铁,钢铁、煤化工
234,冷友斌,先生,55,中国-黑龙江-黑河,205.0,中国飞鹤,乳业
234,宿华,先生,42,中国-湖南,205.0,快手科技,传媒娱乐
234,叶刚,先生,43,,205.0,冬海集团,网络游戏、电商
234,张道才,先生,74,中国-浙江-绍兴,205.0,三花控股,工业设备、汽车零部件、房地产
239,黄柏年,先生,68,印尼,200.0,外滩中心,房地产
239,倪祖根,先生,67,中国-江苏-苏州,200.0,莱克电气,小家电
239,潘政民,先生,57,中国-江苏,200.0,瑞声科技,消费电子精密件
239,彭国远,先生,38,中国-广东-汕尾,200.0,心里程,教育、房地产
239,许家印,先生,66,中国-河南-周口,200.0,恒大,投资、房地产
239,杨致远,先生,56,中国-台湾-台北,200.0,雅虎,投资
239,张峻、陶美萦,先生,未知,中国-广东-揭阳,200.0,富德,保险
239,张兴海、颜敏,先生,61,中国-重庆,200.0,小康控股,汽车、汽车零配件
247,胡柏藩,先生,62,中国-浙江-绍兴,195.0,新和成,医药
247,黄光苗,先生,55,中国-广东-汕头,195.0,中洲,房地产
247,林敏雄,女士,74,,195.0,元利,房地产
247,阮洪良,先生,63,中国-浙江,195.0,福莱特,光伏材料
247,王伟修、王晓东,先生,74,中国-山东,195.0,中际旭创,通信设备
247,薛华,先生,54,,195.0,海大,饲料
247,张剑、张格格,先生,55,中国-河南-商丘,195.0,爱玛,电动自行车
247,周超男,先生,64,中国-湖南-衡阳,195.0,润泽科技,软件与信息技术服务
255,曹龙祥、曹飞,先生,67,,190.0,济川控股,医药
255,陈泰铭,先生,68,中国-台湾-台南,190.0,国巨,电子制造、收藏
255,范现国、范明强,先生,64,中国-河北-邢台,190.0,今麦郎,食品与饮料
255,李赶坡,先生,75,中国-河北,190.0,敬业,钢铁
255,李义海、李鑫,先生,61,中国-江西-南昌,190.0,济民可信,医药
255,廖汤慧霭,女士,76,中国-香港,190.0,纪惠,房地产
255,王正华,先生,80,中国-上海,190.0,春秋航空,航空
255,吴以岭,先生,75,中国-河北-衡水,190.0,以岭,医药
255,项光通,先生,未知,中国-浙江-温州,190.0,青山控股,钢铁
255,周晓萍,女士,63,中国-江苏-常州,190.0,星宇股份,汽车灯具
265,曾小山,先生,79,中国-湖南-邵东,185.0,曾氏企业,铝业
265,陈志平,先生,48,,185.0,思摩尔,电子烟
265,傅利泉、陈爱玲,先生,57,中国-浙江-杭州,185.0,大华技术,软件、电子通讯产品
265,黄敏利、许慧卿,先生,59,中国-福建-泉州,185.0,敏华,休闲沙发
265,黄文仔,先生,71,中国-广东-广州,185.0,星河湾,房地产、投资
265,简军,女士,61,中国-北京,185.0,爱美客,生物制药
265,梁光伟,先生,61,中国-浙江-台州,185.0,华强,投资
265,谢伟通,先生,67,中国-台湾,185.0,华友钴业,有色金属
265,许邦福,未知,未知,中国-浙江-宁波,185.0,华城电机,电子元件
265,张双旺、张东海,先生,81,中国-内蒙古-鄂尔多斯,185.0,伊泰,煤炭
265,张文中,先生,62,中国-山东,185.0,物美,零售
276,季琦,先生,58,中国-江苏-南通,180.0,华住,连锁酒店
276,靳保芳,先生,72,中国-河北-邢台,180.0,晶澳科技,光伏
276,李洪信,先生,71,中国-福建,180.0,太阳纸业,造纸
276,毛文超,未知,未知,中国-四川-绵阳,180.0,小红书,生活服务平台、电商
276,王俊民、申萍,先生,56,中国-辽宁,180.0,海思科,医药
276,王树华,先生,未知,,180.0,冀南钢铁,钢铁
276,翁先定,先生,63,,180.0,新产业,医疗器械
276,阎志,先生,52,中国-湖北-黄冈,180.0,卓尔,房地产、投资
276,杨卫东、杨亚珍,先生,56,中国-浙江,180.0,卫星石化,化工
276,张力、张量,先生,71,中国-广东-广州,180.0,富力地产,投资、房地产
276,张松桥,先生,60,中国-重庆,180.0,中渝,投资、房地产
276,周泽荣,先生,70,中国-广东-汕头,180.0,侨鑫,房地产、投资
288,蒋卫平,先生,69,中国-四川-成都,175.0,天齐锂业,锂矿
288,潘石屹、张欣,先生,61,中国-甘肃-天水,175.0,SOHO中国,投资、房地产
288,唐彬森,先生,42,中国-安徽-合肥,175.0,元气森林,饮料
288,阳萌、贺丽,先生,42,,175.0,安克,电子商务
288,张静章,先生,87,中国-浙江-宁波,175.0,海天国际,注塑机
293,安康,先生,75,中国-河南-新乡,170.0,华兰生物,生物制药
293,黄立、黄晟,先生,61,中国-陕西-西安,170.0,高德电气,电子制造
293,黄茂如、张静,先生,59,中国-广东-潮州,170.0,茂业,投资、房地产
293,蒋业华,先生,61,中国-重庆,170.0,华宇,房地产
293,林耀英,先生,91,,170.0,大立光,电子元件
293,戚振波,先生,未知,,170.0,美腕,新零售
293,钱东奇、钱程,先生,66,中国-江苏-南京,170.0,科沃斯,机器人
293,肖永明,先生,60,中国-四川-资阳,170.0,藏格矿业,矿产
293,邢李㷧,先生,75,中国-香港,170.0,思捷环球,投资
293,张帆,先生,59,中国-四川-成都,170.0,汇顶科技,半导体芯片
293,张宏伟,先生,70,中国-黑龙江-哈尔滨,170.0,东方,能源、零售
293,周胜馥,先生,47,,170.0,拉拉科技,货运物流
293,邹支农,先生,56,,170.0,天孚通信,通信设备
306,蔡东晨,先生,71,中国-河北-石家庄,165.0,石药,医药
306,陈凯臣,先生,未知,中国-广东-揭阳,165.0,立白,日化用品
306,邓伟明、吴小歌,先生,56,中国-湖南-长沙,165.0,中伟股份,工业产品
306,利约翰,先生,70,,165.0,中电,能源
306,邵钦祥,先生,70,中国-浙江-金华,165.0,花园,工业制造、房地产
306,王华君、吴兰兰,先生,54,中国-江西-九江,165.0,裕同包装,包装
306,王文京,先生,60,中国-江西-上饶,165.0,用友,软件与信息服务
306,王希成,先生,76,中国-山东,165.0,玲珑轮胎,轮胎
306,吴少勋,先生,68,中国-湖北-黄石,165.0,劲牌,保健酒
306,徐乘,先生,72,中国-台湾-台北,165.0,徐福记,食品
306,虞锋,先生,61,中国-上海,165.0,云锋基金,投资
306,张万镇,先生,75,中国-广东-潮州,165.0,三环,通信部件、电子元器件
318,陈爱莲、吴良定,先生,66,中国-浙江-绍兴,160.0,万丰,智能制造、投资
318,陈明永,先生,55,中国-四川-达州,160.0,OPPO,消费电子产品
318,陈谭庆芬,先生,未知,,160.0,恒隆,房地产
318,冯海良,先生,64,中国-浙江,160.0,海亮,铜加工、投资
318,葛卫东,先生,55,,160.0,混沌投资,投资
318,梁绍鸿,先生,72,中国-香港,160.0,大鸿辉,房地产
318,穆荣均,先生,44,,160.0,美团,生活服务
318,彭蕾,先生,53,,160.0,阿里系,电子商务、金融科技
318,伍步高,先生,80,中国-香港,160.0,永隆,银行业
327,程一笑,先生,39,,155.0,快手科技,传媒娱乐
327,李丐腾,先生,52,中国-浙江-温州,155.0,飞科电器,小家电
327,林明成,先生,81,中国-台湾,155.0,华南金控,金融服务
327,罗家宝,先生,75,,155.0,百乐,房地产
327,吴冠江、刘铁鹰,先生,56,中国-四川-乐山,155.0,智飞生物,疫苗
327,谢良志、李翰园,先生,58,,155.0,神州,生物制药
327,张荣华,女士,55,中国-天津,155.0,荣程,钢铁
327,周鸿祎,先生,54,中国-湖北-黄冈,155.0,三六零安全科技,网络信息服务
335,蔡东青,先生,55,中国-广东-汕头,150.0,奥飞娱乐,动漫
335,黄绍武,先生,54,中国-江西-九江,150.0,神州通,投资
335,李留法、李凤娈,先生,65,中国-河南-平顶山,150.0,天瑞,水泥、铝业
335,倪永培,先生,72,中国-安徽-六安,150.0,迎驾,白酒
335,任元林、任乐天,先生,71,中国-江苏-无锡,150.0,扬子江船业,造船
335,王水福、陈桂花,先生,69,中国-浙江-杭州,150.0,西子联合控股,电梯、锅炉、房地产
335,魏应州,先生,70,中国-台湾,150.0,顶新,食品和饮料
335,许昆泰,先生,68,中国-台湾,150.0,蓝天,消费电子产品
335,张雷,先生,48,中国-江苏-无锡,150.0,远景能源,风电
335,赵丰刚,先生,58,,150.0,宁德时代,锂电池
345,池宇峰,先生,53,中国-湖北,145.0,完美世界,网游、影视娱乐
345,高纪凡,先生,59,,145.0,天合光能,光伏产品
345,李锂、李坦,先生,60,中国-四川-眉山,145.0,海普瑞,医药
345,李如成、李寒穷,先生,73,中国-浙江-绍兴,145.0,雅戈尔,服装、房地产、投资
345,林刚,先生,60,中国-广东,145.0,康哲药业,医药
345,聂腾云、陈立英,先生,48,,145.0,韵达,物流
345,戚金兴、戚加奇,先生,62,中国-浙江,145.0,滨江,房地产
345,沈炜,先生,未知,,145.0,VIVO,消费电子产品
353,侯军呈,先生,60,中国-浙江-温州,140.0,珀莱雅,化妆品
353,南存辉,先生,61,中国-山东-济宁,140.0,正泰,工业电器、投资
353,潘来灿,先生,未知,,140.0,海天味业,调味品
353,汪建,先生,70,中国-湖南,140.0,华大基因、碳云,基因检测、医疗大数据
353,王燕清,先生,58,中国-江苏-无锡,140.0,先导智能,自动化设备
353,王一鸣,先生,43,,140.0,锦浪科技,光伏逆变器
353,王长田、杜英莲,先生,59,中国-辽宁-大连,140.0,光线传媒,影视娱乐
353,魏应充,先生,67,中国-台湾,140.0,顶新,食品和饮料
353,魏应交,先生,69,中国-台湾,140.0,顶新,食品和饮料
353,魏应行,先生,65,中国-台湾,140.0,顶新,食品和饮料
353,吴凯,先生,56,,140.0,宁德时代,锂电池
353,吴礼淦,先生,83,中国-台湾,140.0,沪电股份,印制电路板
353,叶立培,先生,80,中国-上海,140.0,仲盛,投资、房地产
353,易大盛,先生,63,,140.0,富兴,汽车服务，产业园区
353,俞敏洪,先生,62,中国-江苏-无锡,140.0,新东方,教育
353,周永利,先生,68,中国-浙江-绍兴,140.0,永利,轻纺、房地产、投资
353,竺兆江,先生,51,,140.0,传音,消费电子产品
353,卓志哲,先生,未知,中国-台湾-鹿港,140.0,联发科技,半导体
371,邓鸿,先生,61,中国-四川,135.0,成都环球世纪,投资、房地产
371,董凡,先生,54,,135.0,健帆生物,生物医疗设备
371,方文雄,先生,未知,中国-广东-东莞,135.0,协成行,房地产
371,何猷龙,先生,48,中国-香港,135.0,新濠国际,博彩
371,焦佑伦,先生,66,,135.0,华新丽华,半导体
371,林秀成、林志强,先生,69,中国-福建-泉州,135.0,三安,LED
371,刘卫平,先生,45,中国-湖南-平江,135.0,卫龙,食品
371,刘志强、翟美卿,先生,60,中国-广东,135.0,香江,房地产、金融
371,沈锡强,先生,76,中国-江苏-无锡,135.0,雅克科技,化工新材料
371,汪建国、汪浩,先生,64,中国-江苏-苏州,135.0,五星投资,电子商务、儿童用品连锁
371,王世忠,先生,未知,中国-台湾,135.0,亚德客,工业机械
371,伍伟国,先生,54,中国-香港,135.0,美心,餐饮
371,肖安江,先生,61,中国-湖南-娄底,135.0,五江轻化,钛合金、保温容器
371,肖自江,先生,74,中国-湖南-娄底,135.0,五江轻化,钛合金、保温容器
371,许树根,先生,59,中国-浙江,135.0,鼎力,机械制造
371,袁富根,先生,74,中国-江苏-苏州,135.0,东山精密,精密铸件
371,袁志伦,先生,60,中国-重庆,135.0,博赛矿业,矿业
388,陈世卿、蒋翠英,先生,75,中国-台湾-台北,130.0,大立光,电子元件
388,陈一丹,先生,53,中国-广东-深圳,130.0,腾讯,互联网服务
388,崔立新,先生,未知,,130.0,创新集团,有色金属
388,崔鹏、曹菲,先生,47,,130.0,菲鹏生物,生物科技
388,黄达文,先生,64,中国-香港,130.0,合盛,硅材料
388,兰春、杨英,先生,58,,130.0,新英才,教育、生物医药、房地产、投资
388,李良彬,先生,57,中国-江西-宜春,130.0,赣锋锂业,有色金属冶炼加工
388,李卫国,先生,59,中国-湖南-常德,130.0,东方雨虹,防水材料
388,李仙德,先生,49,,130.0,晶科能源,太阳能
388,李湘平,先生,未知,,130.0,东明石化,石油化工
388,梁允超,先生,55,中国-湖北-武汉,130.0,汤臣倍健,保健品
388,刘革新,先生,73,中国-湖北,130.0,科伦药业,制药、医药流通
388,尚吉永,先生,56,中国-山东,130.0,万达控股,轮胎、电缆、化工
388,苏素玉,先生,76,中国-广东-汕头,130.0,联美,房地产、投资
388,王均金,先生,56,,130.0,均瑶,房地产、航空、零售
388,王秋雄,先生,81,中国-台湾,130.0,丰泰,服装
388,吴绪顺,先生,76,中国-安徽-芜湖,130.0,三七互娱,网络游戏
388,谢秉昆,先生,58,,130.0,坤彩科技,珠光材料
388,许冉,未知,未知,,130.0,龙佰,钛白粉
388,张国炜,先生,未知,,130.0,星宇航空,航空
388,周敬良,先生,74,中国-海南-海口,130.0,景田,饮料
388,朱兴明、朱瀚玥,先生,57,中国-湖南,130.0,汇川技术,工业自动化产品
410,蔡华波,先生,48,,125.0,江波龙,半导体
410,丁立国,先生,54,中国-河北-任丘,125.0,德龙,钢铁、天然气
410,丁雅丽,先生,未知,中国-福建-泉州,125.0,安踏,体育用品
410,董伟,先生,53,,125.0,恒瑞,医药
410,洪锋,先生,未知,,125.0,小米,智能硬件与技术
410,雷菊芳、程若琼,女士,71,中国-甘肃-定西,125.0,奇正藏药,医药
410,李非列,先生,58,中国-北京,125.0,飞尚,有色金属、钢铁、物流
410,李妙行,先生,未知,,125.0,老干妈,食品
410,李伟,先生,56,中国-河南,125.0,千味央厨,食品、房地产
410,梁亮胜,先生,73,中国-广东-梅州,125.0,丝宝,日化、投资
410,林聪吉,未知,未知,,125.0,川湖科技,五金配件
410,吕慧、陈宁宁,先生,75,,125.0,嘉鑫,钢铁、铁矿石进出口、房地产
410,邱光和,先生,73,中国-浙江-温州,125.0,森马,服装
410,任正非,先生,80,中国-贵州-安顺,125.0,华为,消费电子、电讯
410,唐金奎、朱玉琴,先生,69,中国-江苏-苏州,125.0,盛虹,印染、化纤、房地产
410,徐新,先生,58,,125.0,今日资本,投资
410,许景南,先生,69,中国-福建-泉州,125.0,匹克,体育用品
410,闫希军,先生,71,中国-甘肃-庆阳,125.0,天士力,医药
410,严陈莉莲,女士,59,中国-台湾,125.0,裕隆,汽车销售
410,俞发祥,先生,53,中国-浙江-绍兴,125.0,祥源控股,基础设施建设、房地产
410,袁志敏、熊海涛,先生,63,中国-四川,125.0,金发科技,化工塑料
410,张洪本,先生,78,中国-台湾,125.0,日月光,工业品、房地产
410,赵立新,先生,58,,125.0,格科微,CMOS图像传感器
433,龚俊龙,先生,65,中国-广东-汕尾,120.0,恒裕,房地产、投资
433,黄江吉,先生,未知,,120.0,小米,智能硬件与技术
433,黄毅,先生,61,,120.0,中升控股,汽车销售
433,金惠明,先生,71,中国-上海,120.0,大华,房地产
433,赖建法,先生,55,,120.0,中通,快递
433,黎万强,先生,47,中国-广东,120.0,小米,智能硬件与技术
433,李贵山,先生,未知,,120.0,老干妈,食品
433,刘锋、林旭燕,先生,54,中国-山东,120.0,永锋,钢铁
433,陆地,先生,未知,,120.0,大疆,无人机
433,孟庆山,先生,76,中国-河北,120.0,梅花,食用调味品
433,瞿芳,未知,未知,,120.0,小红书,生活服务平台、电商
433,王瀚,先生,37,,120.0,均瑶,房地产、航空、零售
433,王林祥,先生,73,中国-内蒙古-包头,120.0,鄂尔多斯,羊绒、煤电、冶金、房地产
433,温鹏程,先生,62,中国-广东-云浮,120.0,温氏食品,家禽养殖畜牧
433,徐金富,先生,60,中国-广东-广州,120.0,天赐材料,化学原料制品
433,徐宇,先生,52,中国-广东-广州,120.0,赫基国际,服装
433,徐振华,先生,45,中国-上海,120.0,沐瞳科技,游戏
433,杨雪岗,先生,59,中国-河北-邢台,120.0,旭阳,煤炭、化工
433,叶国一,先生,83,中国-台湾,120.0,英业达,电脑产品
433,周耀庭,先生,81,中国-江苏-无锡,120.0,红豆,服装、橡胶轮胎、房地产
433,祝文宇,未知,未知,,120.0,爱山林,房地产
454,陈琼香,先生,未知,,115.0,宁德时代,锂电池
454,方洪波,先生,57,中国-安徽-安庆,115.0,美的,家电制造
454,洪杰,先生,57,,115.0,三棵树,涂料
454,胡荣达、胡淇翔,先生,65,中国-浙江,115.0,三美化工,化工
454,黄联禧、左笑萍,先生,61,中国-广东-佛山,115.0,联塑,建材家居
454,黄山,先生,54,中国-湖北-武汉,115.0,财富趋势,金融软件
454,黄世再,先生,73,中国-广东-揭阳,115.0,大中华地产,房地产
454,姜银台,先生,74,,115.0,岱美股份,汽车内饰
454,赖建平,先生,未知,,115.0,海天味业,调味品
454,吕义雄,先生,47,中国-广东-汕头,115.0,上美,化妆品
454,马秀慧,先生,53,,115.0,欧普照明,节能灯
454,齐向东,先生,59,,115.0,奇安信,网络安全
454,邱文生,先生,未知,,115.0,华勤技术,消费电子
454,任道德,先生,64,,115.0,泰康,保险
454,吴映明,先生,57,,115.0,宁德时代,锂电池
454,俞熔,先生,53,,115.0,美年健康,医疗服务
454,袁江涛,先生,未知,,115.0,嘉立创,半导体
471,曾万辉、喻丽丽,先生,56,中国-湖南,110.0,景嘉微,电子器件制造
471,何著胜,先生,77,中国-辽宁,110.0,后英,耐火材料、钢铁、矿业
471,贺正刚,先生,70,,110.0,和邦股份,矿产、化工
471,胡兴荣,先生,43,中国-浙江-温州,110.0,多弗,贸易、房地产
471,李力,先生,59,中国-湖南-长沙,110.0,爱尔眼科,医疗服务
471,李明、杜楠,先生,56,中国-甘肃-陇南,110.0,亚特,投资、有色金属
471,刘洪林,先生,73,中国-江苏-无锡,110.0,三木,化工、铜加工、电线电缆
471,梅志明,先生,52,,110.0,普洛斯,物流地产、投资
471,汪顾亦珍,先生,107,中国-香港,110.0,德昌电机,工业产品
471,王剑峰,先生,54,,110.0,均胜投资,汽车零部件制造
471,王文默,先生,68,中国-福建,110.0,安踏,体育用品
471,吴尚志,先生,74,中国-北京,110.0,鼎晖,投资
471,项光明、王素勤,先生,61,中国-浙江-温州,110.0,伟明环保,垃圾发电
471,许晨晔,先生,53,,110.0,腾讯,互联网服务
471,许英灼,先生,59,中国-广东-潮州,110.0,海大,饲料
471,严健军,先生,59,中国-浙江-宁波,110.0,致达,信息、金融、投资
471,姚奎章,先生,59,,110.0,养元饮品,饮料
471,郁国祥,先生,54,,110.0,乐游科技,投资
471,张宁,女士,50,,110.0,彤程新材,化工原料
471,章小华,先生,56,,110.0,红狮控股,水泥
471,赵绪龙、朱水纳,未知,未知,中国-浙江-杭州,110.0,迈富时,SaaS解决方案
471,郑春颖,先生,未知,中国-辽宁-辽阳,110.0,伽蓝,化妆品
471,周宗文,先生,67,,110.0,周大生,珠宝
494,蔡镇球,先生,59,中国-台湾-台北,105.0,霖园,金融服务
494,昌敬,先生,42,,105.0,石头科技,智能机器人
494,陈先保,先生,65,中国-安徽-合肥,105.0,华泰,农副食品加工业
494,成正辉,先生,60,中国-广东-深圳,105.0,惠泰医疗,医疗器械
494,董才平,先生,61,中国-江苏-常州,105.0,中天钢铁,钢铁、投资
494,甘忠如,先生,76,,105.0,甘李药业,生物制药
494,何旗,先生,42,,105.0,均和,钢铁贸易
494,黄巧灵,先生,66,中国-浙江,105.0,宋城,旅游、房地产
494,柯尊洪,先生,70,中国-四川-雅安,105.0,康弘药业,制药
494,陆昂,女士,61,,105.0,嘉德,投资、拍卖
494,罗智先、高秀玲,先生,68,中国-台湾-台南,105.0,统一,食品和饮料
494,蒲忠杰、张月娥,先生,61,,105.0,乐普,医疗设备
494,王明旺、蔡帝娥,先生,57,中国-广东-茂名,105.0,欣旺达,电子部件
494,王维,先生,43,中国-上海,105.0,行云集团,企业服务
494,王雪红、陈文琦,先生,66,中国-台湾-新北,105.0,宏达,半导体
494,许连捷,先生,71,中国-福建-泉州,105.0,恒安,个人护理用品
494,薛向东,先生,65,中国-山东-泰安,105.0,东华软件,软件与信息服务
494,叶小平,先生,61,中国-浙江-嘉兴,105.0,泰格医药,医药
494,余凯,先生,未知,,105.0,地平线,智能芯片
494,袁仲雪、袁嵩,先生,69,,105.0,赛轮轮胎,轮胎
494,张邦鑫,先生,44,中国-江苏,105.0,好未来,教育
494,张传卫,先生,62,中国-河南-信阳,105.0,明阳智能,新能源
494,张毓强,先生,69,中国-浙江-嘉兴,105.0,振石控股,房地产、矿产
517,陈康平,先生,51,,100.0,晶科能源,太阳能
517,程维,先生,41,中国-江西-上饶,100.0,滴滴出行,生活服务平台
517,邓耀,先生,90,中国-香港,100.0,百丽,服装与配饰
517,段永平,先生,63,中国-江西-南昌,100.0,步步高,投资
517,顾伟,先生,59,中国-江西-南昌,100.0,兆驰股份,消费电子产品
517,胡应湘,先生,89,中国-香港,100.0,合和实业,房地产、建筑工程
517,黄宏生,先生,68,中国-海南-临高,100.0,创维,家用电器
517,李国宝,先生,85,伦敦,100.0,东亚银行,银行业
517,李家权,先生,61,中国-四川,100.0,龙蟒,钛白粉、磷化工
517,李建全,先生,67,,100.0,稳健医疗,医疗用品
517,李金阳,女士,未知,,100.0,赤峰黄金,金矿
517,李宁,先生,61,中国-广西-来宾,100.0,李宁,体育用品、投资
517,李仲初,先生,61,中国-湖南-娄底,100.0,石基,软件与信息服务
517,励民,先生,59,,100.0,瑞芯微,集成电路
517,林定强,先生,58,中国-福建-福州,100.0,金辉,房地产
517,刘方毅,先生,54,,100.0,英科医疗,医疗器械
517,秦龙,先生,59,,100.0,森麒麟,轮胎
517,饶微,先生,60,,100.0,新产业,医疗器械
517,邵根伙,先生,59,中国-浙江-金华,100.0,大北农,饲料、种业
517,施文博,先生,74,中国-福建-泉州,100.0,恒安,个人护理用品
517,孙孟全,先生,74,,100.0,鲁花,食用油
517,唐修国,先生,61,中国-湖南,100.0,三一,重型机械
517,田明,先生,71,中国-安徽,100.0,美亚光电,专用设备制造业
517,万隆、王梅香,先生,84,中国-河南-漯河,100.0,双汇,食品
517,汪林朋,先生,55,中国-湖北-黄冈,100.0,居然之家,家居建材
517,吴东进,先生,79,中国-台湾-台北,100.0,新光,金融、医院
517,谢嘉,先生,未知,,100.0,大疆,无人机
517,杨冰,先生,39,中国-江西-,100.0,得物,电商
517,应书岭,先生,43,中国-上海,100.0,英雄互娱,电竞游戏
517,张恭运,先生,61,,100.0,豪迈科技,机械制造
517,张克强,先生,64,中国-广东,100.0,华美国际,投资、房地产
517,张立国,先生,60,,100.0,敷尔佳,护肤品
517,张永平,先生,63,,100.0,秀水街,房地产
517,周剑,先生,48,中国-上海,100.0,优必选,机器人
551,陈得福,先生,76,中国-台湾-嘉义,95.0,仙妮雷德,医疗保健
551,范秀莲、杨飞,先生,61,中国-辽宁-沈阳,95.0,海思科,医药
551,何涛,先生,44,,95.0,圆心科技,互联网医院
551,焦震,先生,58,,95.0,鼎晖,投资
551,金磊、李凤玲,先生,70,,95.0,佰仁医疗,医疗器械
551,李晓明,先生,66,,95.0,恩捷股份,包装盒生产
551,梁丰、邵晓梅,先生,56,,95.0,璞泰来,锂电池材料
551,林来嵘、安素梅,先生,56,中国-内蒙古-巴彦淖尔市,95.0,众兴,矿业
551,罗秋平、潘东,先生,61,中国-湖北-荆门,95.0,蓝月亮,日化用品
551,彭永鹤,先生,55,,95.0,新瑞鹏,宠物医院
551,乔志涌,先生,60,中国-四川,95.0,侨源股份,液态气体
551,荣智健,先生,82,中国-上海,95.0,中信泰富,投资、房地产
551,苏纯兴,先生,未知,中国-台湾-台北,95.0,和泰汽车,汽车零售
551,王恒,先生,76,中国-广东-广州,95.0,金鹰,零售、房地产
551,王均豪,先生,52,中国-浙江-温州,95.0,均瑶,房地产、航空、零售
551,王振华,先生,62,中国-江苏,95.0,新城,房地产
551,吴东亮,先生,未知,中国-台湾-台北,95.0,新光,金融
551,吴忌寒,先生,38,中国-重庆,95.0,比特小鹿,芯片、矿机
551,吴美蓉,先生,64,,95.0,美科股份,太阳能设备
551,谢菊华,先生,73,,95.0,健友股份,原料药
551,许达来,先生,53,新加坡,95.0,小米,智能硬件与技术、投资
551,杨霞,女士,50,,95.0,锦波,生物医药
551,昝圣达,先生,61,中国-江苏-南通,95.0,综艺,新能源、信息科技、投资
551,张世龙,先生,58,,95.0,圣邦,模拟芯片
551,周镇科,先生,49,中国-广东-汕头,95.0,大晟文化,文化娱乐
576,曾繁城,先生,未知,,90.0,台积电,半导体
576,常建鸣、傅磊,先生,59,,90.0,鸣志电器,控制电机
576,陈士良,先生,61,中国-浙江-嘉兴,90.0,桐昆,化纤、房地产
576,陈涛、刘春兰,先生,52,中国-甘肃-陇南,90.0,胜宏科技,高密度印制电路板
576,陈智松,先生,58,,90.0,亿联网络,通信
576,陈卓林,先生,62,中国-广东-中山,90.0,雅居乐,投资、房地产
576,邓文、唐璐,先生,56,中国-四川-成都,90.0,天味食品,食品
576,丁会,先生,未知,,90.0,嘉立创,半导体
576,丁会响,先生,未知,,90.0,嘉立创,半导体
576,董增平,先生,54,,90.0,思源电气,输配电设备
576,傅光明,先生,70,中国-江西-抚州,90.0,圣农,农业
576,高云峰,先生,57,,90.0,大族激光,激光设备
576,何祖训,先生,59,中国-云南-曲靖,90.0,神农集团,畜牧
576,黄建勲,先生,59,,90.0,联泰,基础建设、房地产
576,黄民奇,先生,72,中国-台湾,90.0,汉辰科技,半导体
576,黄小芬,女士,61,中国-广东-深圳,90.0,景旺电子,印刷电路板
576,赖苗,先生,未知,,90.0,景田,饮料
576,李琼,先生,47,,90.0,昆仑万维,互联网游戏、投资
576,利蕴莲,先生,70,中国-香港,90.0,希慎兴业,房地产
576,刘銮鸿,先生,71,中国-香港,90.0,利福国际,房地产
576,刘振东,先生,53,中国-河北-唐山,90.0,联东,房地产
576,陆兆禧,先生,55,中国-广东-广州,90.0,阿里系,电子商务、金融科技
576,罗嘉瑞,先生,71,中国-香港,90.0,鹰君,房地产
576,牛宜顺、牛腾,先生,69,中国-浙江-温州,90.0,华勤,轮胎、输送带、电力
576,潘刚,先生,54,中国-内蒙古-锡林郭勒盟,90.0,伊利,乳制品
576,秦华,先生,56,,90.0,乖宝宠物,宠物食品
576,任建华,先生,67,中国-浙江-杭州,90.0,老板电器,家用电器
576,沈亚,先生,53,中国-浙江-温州,90.0,唯品会,新零售
576,史英文、董晓丽,先生,59,中国-广西-南宁,90.0,荣和,房地产
576,苏志刚,先生,66,中国-广东-广州,90.0,长隆,旅游
576,王文杉,先生,54,中国-台湾-台中,90.0,联合报业,传媒
576,吴志刚,先生,89,中国-辽宁,90.0,桃李面包,食品
576,夏崇耀,先生,65,,90.0,东方电缆,电缆
576,向文波,先生,62,中国-湖南-益阳,90.0,三一,重型机械
576,张建国、蔡丽红,先生,61,中国-广东-茂名,90.0,九丰能源,能源
576,钟乃雄,先生,61,,90.0,能兴,房地产、投资
576,钟英武,先生,39,中国-湖南-岳阳,90.0,趣加科技,游戏
576,朱世会,先生,57,中国-广东-广州,90.0,先导科技,稀散金属
576,卓军,女士,未知,中国-香港,90.0,景旺电子,印刷电路板
615,毛中吾,先生,62,中国-湖南,88.0,三一,重型机械
616,洪浩,先生,68,,86.0,凯莱英,医药
616,周亚辉,先生,47,中国-云南-丽江,86.0,昆仑万维,互联网游戏、投资
618,鲍洪星,先生,60,中国-江西-龙南,85.0,双胞胎,畜牧
618,蔡海山,先生,46,,85.0,联邦制药,医药
618,蔡其瑞,先生,73,中国-台湾,85.0,宝成,服装
618,陈湖文,先生,54,中国-广东-汕头 ,85.0,晨光,文具用品制造
618,陈湖雄,先生,54,中国-广东-汕头 ,85.0,晨光,文具用品制造
618,陈士斌、邵静,先生,58,中国-江苏-连云港,85.0,石英股份,石英制品
618,陈仕荣,先生,未知,中国-台湾,85.0,丰泰,鞋业
618,程立力、沈静,先生,59,,85.0,立华股份,畜牧
618,杜锦豪、祁菊,先生,70,中国-江苏-,85.0,艾力斯,医药
618,何志平、张文莉,先生,59,中国-江西,85.0,华建,投资
618,黄子欣,先生,75,,85.0,伟易达,消费电子产品
618,寇晓康、高月静,先生,57,,85.0,蓝晓科技,新材料
618,梁安琪,女士,63,中国-广东-广州,85.0,澳博,博彩
618,梁勤、王毅,先生,53,中国-江苏-扬州,85.0,扬杰科技,半导体
618,凌斌、王曦,先生,56,,85.0,康冠科技,电子器件制造
618,陆风,先生,56,,85.0,万得资讯,数据服务
618,罗乐风,先生,未知,中国-香港,85.0,晶苑国际,服装
618,秦荣华,先生,66,中国-台湾,85.0,敏实,汽车零部件
618,荣智权,未知,未知,,85.0,上海商银,银行业
618,束崇万,先生,70,中国-台湾,85.0,创见信息,半导体
618,宋飞,先生,58,,85.0,艾迪精密,机械制造
618,孙惠刚,先生,未知,,85.0,万华化学,投资
618,童锦泉,先生,69,中国-江苏-南通,85.0,长峰房地产,房地产
618,王硕,先生,34,中国-北京,85.0,Deel,企业服务
618,魏学专,先生,71,中国-山东-淄博,85.0,汇丰石化,化工
618,夏鼎湖、夏迎松,先生,80,中国-安徽,85.0,中鼎,汽车零部件
618,徐广福、徐翔,先生,未知,,85.0,大全,电气设备制造、太阳能
618,叶琼玖,先生,70,中国-浙江-宁波,85.0,同花顺,软件
618,俞浩,先生,37,中国-江苏-南通,85.0,追觅科技,智能家电
618,张国涛、卢依雯,先生,39,中国-河南-开封,85.0,迪阿,珠宝首饰
618,张积敏,先生,61,,85.0,青山控股,钢铁
618,张涛,先生,52,中国-上海,85.0,美团,生活服务
618,张兴礼,先生,67,中国-重庆,85.0,小康控股,汽车、汽车零配件
618,张兴明,先生,67,中国-重庆,85.0,小康控股,汽车、汽车零配件
618,赵宗信,未知,未知,,85.0,健策,电子元件
653,孙宏斌,先生,61,中国-山西-运城,83.0,融创,房地产
653,王吉雷,先生,59,,83.0,中通,快递
653,赵永昌,未知,未知,,83.0,健策,电子元件
656,曾开天,先生,未知,,80.0,三七互娱,网络游戏
656,陈德军,先生,54,中国-浙江-杭州,80.0,申通快递,物流
656,陈建成、陈嫣妮,先生,65,中国-浙江-绍兴,80.0,卧龙控股,电气设备、房地产
656,陈文源、张茜,先生,56,,80.0,华兴源创,设备制造
656,成三荣、金成成,先生,61,,80.0,沪光股份,汽车配件
656,高兴江,先生,61,中国-浙江-湖州,80.0,永兴特钢,不锈钢
656,洪水树,先生,65,中国-台湾-台南,80.0,可成科技,设备制造
656,胡扬忠,先生,59,中国-湖北-武汉,80.0,海康威视,视频监控产品
656,江南,先生,61,中国-山东-济南,80.0,圣丰,房地产、工业制造
656,井贤栋,先生,52,,80.0,阿里系,电子商务、金融科技
656,李斌,先生,50,中国-安徽,80.0,蔚来、易车,电动车
656,李东生,先生,67,中国-广东-惠州,80.0,TCL,家用电器及半导体产品
656,李国库,先生,未知,,80.0,千喜鹤,餐饮
656,李国庆,先生,54,中国-浙江,80.0,荣盛控股,化纤
656,李卫伟,先生,47,中国-四川-成都,80.0,三七互娱,网络游戏
656,李永庆,先生,60,中国-浙江,80.0,荣盛控股,化纤
656,梁信军,先生,56,中国-浙江-台州,80.0,-,投资
656,刘程宇、刘玲,先生,62,中国-福建-宁德,80.0,科士达,电力设备
656,刘天文,先生,61,,80.0,软通动力,软件与信息服务
656,刘晓东,先生,57,,80.0,百润,香料、酒业
656,龙大强、孟丽叶,先生,未知,,80.0,中润光能,光伏电池
656,罗阳勇、刘玉霞,先生,49,,80.0,安宁股份,钒钛磁铁矿
656,阮水龙,先生,89,中国-山东-济宁,80.0,龙盛,化工、钢铁
656,沈华、胡畏,先生,61,,80.0,斯达半导,半导体
656,盛百椒,先生,72,中国-上海,80.0,百丽,鞋业
656,施崇棠,先生,72,中国-台湾-彰化,80.0,华硕,电脑产品
656,苏庆灿,先生,55,,80.0,华厦眼科,医疗服务
656,孙怀庆、王晓蒲,先生,55,中国-重庆,80.0,丸美,化妆品
656,孙清焕、孙项邦,先生,51,中国-江西-宜春,80.0,木林森,光学光电
656,孙喜双,先生,71,中国-吉林,80.0,一方,房地产、投资
656,孙勇坚,先生,58,,80.0,宝矿,地产、贸易
656,唐敖齐,先生,79,,80.0,新泉股份,汽车配饰
656,陶悦群,先生,64,,80.0,欧普康视,医疗器械制造、销售
656,汪力成,先生,64,中国-浙江-杭州,80.0,华立,医药、投资
656,王仕锐,先生,37,,80.0,医联,医疗服务
656,王文渊,先生,77,中国-台湾-台北,80.0,台塑,化工
656,肖日明,先生,88,中国-上海,80.0,华明装备,电力设备
656,许江南、许晶,先生,62,,80.0,天新药业,医药
656,许庆奎、许英强,先生,未知,,80.0,九羊,钢铁、冶金、机械
656,许月娟,先生,未知,中国-浙江,80.0,荣盛控股,化纤
656,杨元庆,先生,60,中国-安徽-合肥,80.0,联想,计算机服务、投资
656,杨长基,先生,未知,,80.0,金像电子,消费电子产品
656,叶德林、李要,先生,56,中国-广东-佛山,80.0,新明珠,建筑陶瓷
656,钟德礼,未知,未知,,80.0,来亿兴业,鞋业
656,周庆治,先生,69,,80.0,南都,电池、投资
701,欧雷强,先生,56,美国,78.0,百济神州,医药
702,周志文、冯宇霞,先生,59,,77.0,昭衍新药,生物医药
703,苗拥军,先生,57,中国-河南-郑州,76.0,安图生物,医药制造业
704,曹德风、孟海蒂,先生,79,,75.0,佳格,食品和饮料
704,曾继疆,先生,62,中国-湖南,75.0,宏达电子,电子器件制造
704,陈慧慧,女士,65,中国-香港,75.0,南丰,房地产
704,方玉友,先生,55,中国-浙江-温州,75.0,珀莱雅,化妆品
704,冯国纶,先生,76,中国-广东-江门,75.0,利丰,物流
704,顾江生,先生,51,中国-浙江-台州,75.0,顾家家居,家具
704,吉为、吉喆,先生,67,,75.0,威胜信息,通信设备
704,蒋伟、游捷,先生,未知,,75.0,昊海生物,生物医药
704,柯为湘,先生,73,中国-广东-潮州,75.0,保利达,房地产
704,柯希平,先生,64,中国-福建-泉州,75.0,恒兴实业,投资、地产
704,李阔,先生,未知,,75.0,白贝壳,母婴产品
704,李添财,先生,86,,75.0,金车,食品和饮料
704,李晓华,先生,62,中国-云南,75.0,恩捷股份,包装盒生产
704,刘伟,先生,59,中国-广东-梅州,75.0,佳都科技,软件和信息技术
704,卢宗俊,先生,61,,75.0,中谷物流,物流
704,马斌、陈小琴,先生,54,,75.0,神马,电气机械和器材
704,任晋生,先生,62,中国-江苏-南京,75.0,先声药业,生物医药
704,茹伯兴、茹正伟,先生,77,中国-江苏-常州,75.0,百兴,工业制造、房地产
704,佘英杰,先生,67,,75.0,新豪国际,电子设备制造
704,宋卫平、夏一波,先生,66,中国-浙江-绍兴,75.0,绿城,房地产
704,谭炳照,先生,60,,75.0,敏捷,房地产
704,谭莉莉,先生,未知,,75.0,海大,饲料
704,王晖,先生,63,,75.0,盛美半导体,半导体
704,王文潮,先生,73,中国-台湾-台北,75.0,台塑,化工
704,王文洋、王思涵,先生,73,中国-台湾-新北,75.0,宏仁,化学原料
704,王信文,先生,37,,75.0,莉莉丝,游戏
704,王义平,先生,63,中国-浙江,75.0,继峰股份,汽车零部件
704,吴宝田,先生,73,,75.0,丽宝,房地产、酒店
704,吴仲毅,先生,51,,75.0,亿联网络,通信
704,肖红星、刘锦婵,未知,未知,中国-海南,75.0,广合科技,电子元件
704,徐万茂,先生,79,中国-浙江-宁波,75.0,华茂,文具、教育、房地产、金融
704,闫洪嘉,先生,44,中国-山西-沂州,75.0,宇泽,新能源
704,杨浩涌,先生,50,中国-安徽-合肥,75.0,车好多,汽车服务
704,杨秋梅,未知,未知,,75.0,商汤科技,人工智能
704,杨钊,先生,77,中国-广东-惠州,75.0,旭日企业,服装、房地产
704,杨志茂、朱凤廉,先生,61,中国-广东-东莞,75.0,新世纪科教,投资
704,俞其兵,先生,59,中国-浙江,75.0,旗滨,玻璃
704,张伟祥,先生,未知,中国-浙江-绍兴,75.0,建龙,钢铁、矿业、船运
704,张新,先生,62,中国-甘肃-武威,75.0,特变电工,电气机械和器材制造
743,李林,先生,42,,73.0,火币,区块链
744,方同华,先生,61,中国-安徽-毫州,72.0,珍宝岛药业,医药
744,李晓林,先生,71,中国-北京,72.0,林达,房地产、投资
744,邵晓峰,先生,59,中国-浙江-杭州,72.0,阿里系,电子商务、金融科技
747,蔡荣军,先生,52,中国-广东-汕头,71.0,欧菲光,光电子元器件
747,陈奇星,先生,65,,71.0,长盈精密,电子元件
747,彭永东,先生,45,,71.0,贝壳,房地产服务
747,沈汉标、王妙玉,先生,52,中国-广东-汕头,71.0,好太太,耐用消费品
747,王慧文,先生,46,,71.0,美团,生活服务
747,易贤忠,先生,65,中国-湖北,71.0,百奥泰,生物医药
747,朱一明,先生,52,,71.0,兆易创新,芯片研发
754,陈海波,先生,55,中国-江苏-连云港,70.0,深兰科技,人工智能
754,陈精业,未知,未知,,70.0,冬海集团,网络游戏、电商
754,戴文渊、吴茗,先生,41,中国-江苏-苏州,70.0,第四范式,人工智能
754,高毅,先生,56,中国-湖南-常德,70.0,益丰药房,医药零售
754,耿建明、杨小青,先生,62,中国-江苏-南京,70.0,荣盛,房地产
754,郭建刚,先生,58,中国-广东-佛山,70.0,新宝电器,小家电
754,韩玉龙、陆剑霞,先生,39,中国-江苏-南通,70.0,Manner,餐饮
754,侯昌财,先生,68,中国-福建-泉州,70.0,源昌,房地产
754,黄健,先生,57,中国-湖南-岳阳,70.0,美的,家电制造
754,黄伟、李萍,先生,65,中国-浙江-温州,70.0,新湖,房地产、金融
754,黄泽兰、赖香英,先生,69,中国-江西-赣州,70.0,章源钨业,钨矿
754,姜雪飞、朱雪花,先生,55,中国-辽宁-大连,70.0,崇达科技,印刷电路板
754,李国强,先生,60,,70.0,中升控股,汽车销售
754,李进、李麒麟,先生,54,,70.0,李宁,体育用品、投资
754,李振江,先生,67,中国-河北-石家庄,70.0,神威,医药
754,李志远、靖宇清,先生,69,中国-广西-南宁,70.0,金盘科技,变压器
754,聂云宸,先生,33,,70.0,喜茶,餐饮
754,彭军,先生,未知,,70.0,小马智行,自动驾驶技术
754,乔玉华,先生,58,中国-内蒙古-鄂尔多斯,70.0,双欣,煤炭、热电、化工
754,孙伟杰,先生,61,中国-山东,70.0,杰瑞石油,石油专用设备
754,谭瑞清、张晓琳,先生,58,中国-河南,70.0,龙佰,钛白粉
754,唐晔,先生,43,,70.0,柏楚电子,信息技术
754,王锦华、宋英,先生,61,中国-浙江,70.0,金石资源,矿产
754,王敏文,先生,61,中国-浙江,70.0,立昂微,半导体
754,吴崇仪,先生,65,中国-台湾,70.0,至兴,汽车零部件
754,徐冠巨,先生,63,中国-浙江-杭州,70.0,传化,化工、农业、投资
754,许志翰,先生,52,,70.0,卓胜微,电子器件制造
754,薛济萍,先生,73,中国-江苏-南通,70.0,中天科技,电缆
754,姚其湧,先生,60,,70.0,宏兆,投资
754,袁菁,先生,44,,70.0,沐瞳科技,游戏
754,张大中,先生,76,中国-北京,70.0,大中,投资
754,张晖,先生,46,中国-江苏,70.0,满帮,运输
754,张利钿,先生,60,中国-广东-潮州,70.0,雅士利,乳业
754,张跃、赖玉静,先生,64,中国-湖南-长沙,70.0,远大,环保建筑
754,周国辉,先生,59,中国-广东-梅州,70.0,怡亚通,供应链
754,周骏,先生,未知,,70.0,景田,饮料
754,庄奎龙,先生,62,,70.0,新凤鸣,化纤
754,左宗申,先生,71,中国-重庆,70.0,宗申,摩托车、房地产
792,AllanWarburg王沛德,先生,58,丹麦,68.0,绫致时装,服装零售
792,DanFriis丹飞,先生,55,,68.0,绫致时装,服装零售
792,丹宏,先生,未知,,68.0,五得利,面粉
792,傅明康,先生,61,,68.0,日月股份,机械配件
792,邵建雄,先生,60,中国-浙江,68.0,禾迈股份,光伏逆变器
792,伍超群,先生,55,中国-四川-眉山,68.0,千禾味业,食品
792,张德生,先生,75,中国-浙江,68.0,万马电线电缆,电缆、房地产、医药
799,康永来,未知,未知,,67.0,天兵科技,航天
799,柯桂华,先生,59,,67.0,科博达,汽车电子产品
799,张华,先生,未知,,67.0,福华,农业、造纸、矿产
799,赵曰岭,先生,72,中国-山东,67.0,金岭,化工
803,丁锋,先生,58,,66.0,星星充电,充电桩
803,邵丹薇,女士,42,中国-江苏-常州,66.0,星星充电,充电桩
803,夏曙东,先生,52,中国-湖北-黄冈,66.0,千方科技,智能交通
803,袁桂宝、袁晓曦,先生,未知,,66.0,鸿宝集团,房地产、园林
803,赵鹏,先生,54,中国-山西-长治,66.0,BOSS直聘,招聘网站
808,包松安,先生,未知,中国-浙江-温州,65.0,亿联投资,房地产、投资
808,曹骥、曹政,先生,72,中国-浙江,65.0,杭可科技,锂电池
808,陈邦栋,先生,54,,65.0,思源电气,输配电设备
808,陈保华,先生,62,中国-浙江-台州,65.0,华海药业,医药
808,陈竞宏,先生,78,,65.0,华达科技,汽车零部件
808,程涌、贺波,先生,50,中国-湖南-沅江,65.0,奥士康,高密度印制电路板
808,邓耀升,先生,38,中国-香港,65.0,升域,房地产
808,丁永强,先生,44,中国-湖北-随州,65.0,古瑞瓦特,光伏设备
808,董清世、施丹红,先生,58,,65.0,信义,玻璃
808,何中林,先生,56,,65.0,融通,锂电池材料
808,李朝旺,先生,66,中国-广东-江门,65.0,维达国际,生活卫生产品
808,李海周、谢燕玲,先生,54,中国-广东-梅州,65.0,兆威机电,电气设备
808,李强,先生,未知,,65.0,百雀羚,化妆品
808,李思廉,先生,67,中国-香港,65.0,富力地产,投资、房地产
808,李小勤、徐梅钧,先生,53,中国-浙江-杭州,65.0,匠心家居,家具
808,李新炎、倪银英,先生,73,中国-福建-泉州,65.0,中国龙工,重型工程用车
808,励建立,先生,52,,65.0,科达利,锂电池结构件
808,廖杰远,先生,未知,,65.0,微医,医疗服务
808,刘明辉,先生,61,中国-香港,65.0,中国燃气,能源
808,刘庆峰,先生,51,中国-安徽-宣城,65.0,科大讯飞,软件和信息技术服务业
808,刘先兵,未知,未知,,65.0,珂玛科技,陶瓷材料
808,刘修才,先生,67,,65.0,凯赛生物,生物材料
808,陆永华、毛彩虹,先生,61,中国-江苏-南通,65.0,林洋能源,太阳能
808,罗康瑞,先生,76,中国-香港,65.0,瑞安,房地产
808,吕培榕,先生,65,中国-福建-泉州,65.0,大帝,投资、房地产、服装
808,明再远,先生,61,中国-四川-德阳,65.0,新天然气,天然气
808,欧亚平,先生,62,中国-湖南-长沙,65.0,百仕达,天然气、房地产
808,邱建林,先生,61,中国-浙江,65.0,恒逸,化纤
808,邱敏秀,先生,79,,65.0,晶盛机电,机电设备
808,邱祥娟,先生,未知,中国-浙江,65.0,恒逸,化纤
808,邱奕博,先生,37,中国-浙江,65.0,恒逸,化纤
808,裘国根、骆奕,先生,55,中国-浙江-绍兴,65.0,重阳投资,投资
808,孙毅,先生,57,中国-浙江,65.0,浙富控股,清洁能源装备
808,王建沂,先生,61,中国-浙江,65.0,富通,光纤光缆
808,王文城,先生,未知,中国-广东,65.0,大中,石材、房地产
808,温纯青、温瀚东,先生,53,中国-广东-梅州,65.0,大百汇,烟草、房地产、白酒
808,吴波,先生,70,中国-江苏-南京,65.0,埃斯顿,机械装备制造
808,吴昕阳,先生,未知,中国-台湾-台北,65.0,新光三越,房地产
808,熊小川,先生,58,,65.0,美好创亿,医疗机械
808,徐旭东、徐若桐,先生,54,,65.0,旭升汽车技术,汽车零部件
808,姚俊良,先生,71,,65.0,美锦能源,煤炭
808,詹国海,先生,56,,65.0,鑫海控股,石油化工
808,张波,先生,未知,,65.0,美团,生活服务
808,张近东,先生,61,中国-江苏-南京,65.0,苏宁,零售、房地产
808,张思民、王劲松,先生,62,中国-吉林-长春,65.0,海王,医药、房地产
808,张轩松,先生,53,中国-福建-福州,65.0,永辉,超市零售
808,折生阳,先生,69,中国-陕西-西安,65.0,铂力特,金属增材制造
808,钟志平,先生,71,中国-澳门,65.0,创科实业,消费品
808,周伟建,先生,未知,,65.0,美涂士,墙面保护装饰
808,朱敏、徐郁清,先生,76,中国-浙江-宁波,65.0,赛伯乐,投资
808,宗艳民,先生,60,,65.0,天岳先进,半导体材料
859,褚健,先生,61,,63.0,中控技术,软件系统
859,樊铮,先生,45,中国-上海,63.0,理想汽车,新能源汽车
859,黄关林,先生,58,中国-浙江,63.0,申洲针织,纺织、服装
859,石毅峰,先生,50,中国-山西-晋中,63.0,爱美客,生物制药
859,王斌,先生,38,中国-湖南,63.0,书亦餐饮,餐饮连锁
864,程先锋,先生,56,,62.0,亿帆鑫富,医药
864,戴珊,先生,48,,62.0,阿里系,电子商务、金融科技
864,石克荣,先生,67,中国-河北-廊坊,62.0,汇福,食品
864,寿柏年,先生,62,中国-浙江-绍兴,62.0,绿城服务,物业管理
864,吴泳铭,先生,49,,62.0,阿里系,电子商务、金融科技
864,赵彤彤,先生,未知,,62.0,华住,连锁酒店
870,贾国龙,先生,57,中国-内蒙古-巴彦淖尔,61.0,西贝,餐饮
870,姜龙,先生,50,,61.0,歌尔股份,声学及多媒体产品
870,徐观宝,先生,67,中国-浙江-杭州,61.0,传化,化工、农业、投资
870,尤金焕,先生,未知,,61.0,华峰,化工、铝业、投资
870,赵凯,先生,未知,,61.0,成都环球世纪,投资、房地产
875,蔡开云,先生,52,,60.0,稻花香,白酒
875,陈睿,先生,46,中国-四川-成都,60.0,哔哩哔哩,视频弹幕网站
875,杜伟民,先生,61,中国-江西-南昌,60.0,康泰生物,生物医药
875,辜侯天仪,先生,未知,,60.0,台泥,水泥
875,胡鹍辉,先生,33,中国-广东-深圳,60.0,亚辉龙,生物科技
875,黄金祥、赵启荣,先生,59,中国-安徽-宣城,60.0,安徽广信,农药化肥、房地产
875,金鑫,先生,57,,60.0,大金重工,钢结构产品
875,柯利明,未知,未知,,60.0,中国儒意,娱乐
875,赖国贵,先生,60,,60.0,春风控股集团,摩托车
875,李杰,先生,49,中国-四川,60.0,极兔速递,物流快递
875,李凯莉,女士,未知,,60.0,龙岩,殡葬服务
875,李平,先生,60,中国-江西-赣州,60.0,天高,矿业开发、冶金贸易
875,李咏怡,女士,未知,,60.0,粤丰环保,环保
875,梁桐灿,先生,未知,中国-广东-佛山,60.0,宏宇,建筑陶瓷
875,刘宝林,先生,71,中国-湖北-孝感,60.0,九州通,医药流通
875,楼天城,先生,未知,,60.0,小马智行,自动驾驶技术
875,鲁楚平、彭惠,先生,59,中国-湖北-孝感,60.0,大洋电机,工业电机
875,吕绍林、程彩霞,先生,51,中国-湖南-邵阳,60.0,博众精工,自动化设备
875,缪双大、缪文彬,先生,73,中国-江苏-无锡,60.0,双良,空调设备
875,沈波,先生,61,,60.0,分布式资本,投资
875,苏如春,先生,56,,60.0,华邦,房地产、建筑、投资
875,孙中伟、温美婵,先生,46,中国-山东,60.0,华宝新能,便携储能电池、太阳能
875,童文红,先生,54,,60.0,阿里系,电子商务、金融科技
875,王佳、严立,先生,55,中国-云南-昆明,60.0,启明星辰,网络安全
875,王建东,先生,52,中国-河北-邯郸,60.0,中建融东,钢铁
875,王明鎏,先生,41,中国-四川-成都,60.0,毛球科技,投资、区块链、游戏
875,王铭祥、周一峰,先生,46,中国-江苏-南通,60.0,东华能源,石油化工
875,王维东、许小菊,先生,47,中国-甘肃-酒泉,60.0,赢合科技,自动化设备
875,王霄锟、刘洧宏,先生,41,,60.0,茶百道,餐饮连锁
875,王跃旦,先生,71,,60.0,富佳实业,家用电器
875,王泽龙,先生,未知,,60.0,中核钛白,钛白粉
875,谢剑辉,先生,未知,,60.0,富兴,汽车服务，产业园区
875,徐进,先生,59,,60.0,口子窖,白酒
875,徐少春,先生,61,中国-湖南-益阳,60.0,金蝶国际,财务软件
875,杨受成,先生,80,中国-香港,60.0,英皇,房地产
875,袁莉萍,先生,53,,60.0,康泰生物,生物医药
875,张清森,未知,未知,,60.0,绿联科技,电子配件
875,张勇,先生,未知,,60.0,阿里系,电子商务、金融科技
875,张重兴,未知,未知,,60.0,台湾精锐,工业机械
875,赵满堂,先生,64,中国-甘肃-天水,60.0,盛达,矿业、酒店
875,赵延平、杨云,先生,56,中国-吉林,60.0,华测导航,卫星导航
875,甄荣辉,先生,62,中国-香港,60.0,51job,互联网服务
875,周旭明,先生,51,,60.0,科思股份,化学品原料
918,陈泽民,先生,81,中国-重庆-江津,59.0,三全食品,食品
918,刘德,先生,未知,,59.0,小米,北京
918,姚劲波,先生,48,中国-湖南-益阳,59.0,58同城,生活服务
918,张亚、周文梅,先生,55,,59.0,国光电气,微波电子器件
918,赵鸿飞,先生,50,,59.0,中科创达,智能终端操作系统
923,吕建明,先生,59,中国-浙江,58.0,通策医疗,医疗器械
923,申东日,先生,52,中国-黑龙江-绥化,58.0,朗姿,服装
923,王德根、张强,先生,53,中国-四川,58.0,德康农牧,畜牧业、教育
923,吴城,先生,未知,,58.0,国城,矿业
923,吴凯庭,先生,未知,中国-福建-漳州,58.0,万利达,电子信息产品
923,谢识才,先生,63,中国-浙江-杭州,58.0,博威合金,合金材料
923,余海军,先生,50,中国-浙江-绍兴,58.0,宝利德,汽车销售
923,周华松、吴文利,先生,58,,58.0,松霖科技,淋浴设备
923,周文、郭艺群,先生,59,,58.0,普利特,塑料制造、汽车配件
932,陈学利、陈林,先生,73,,57.0,威高,医疗器械
932,苏增福,先生,84,中国-浙江-台州,57.0,苏泊尔,厨具、投资
932,王富济,先生,未知,,57.0,片仔癀,医药
932,吴惠芳,先生,未知,中国-江苏-,57.0,永钢,钢铁
932,吴永华,先生,54,中国-福建,57.0,安踏,体育用品
932,钟培峰,先生,61,,57.0,晶晨股份,电子
932,周俊杰,先生,56,,57.0,银都股份,餐饮设备
939,刘姗姗,女士,未知,,56.0,摩尔线程,半导体
940,陈妙林,先生,72,中国-浙江-杭州,55.0,开元旅业,房地产
940,陈清州、翁丽敏,先生,59,中国-福建-泉州,55.0,海能达,专业无线通信设备
940,陈育宣、林德英,先生,58,中国-江西-九江,55.0,电连技术,电子元件连接器
940,陈卓贤,先生,57,中国-广东-中山,55.0,雅居乐,投资、房地产
940,邓颖忠,先生,73,中国-广东,55.0,中顺洁柔,生活用纸
940,郭振宇、KevinGuo,先生,61,中国-云南-昆明,55.0,贝泰妮,护肤品
940,何德佑,未知,未知,,55.0,嘉泽端子,电子元件
940,何亚民,先生,67,中国-四川,55.0,利君股份,机械制造
940,花轩德,先生,81,中国-浙江-台州,55.0,中贝九洲,医药
940,黄炳文,先生,70,,55.0,东风印刷,印刷
940,黄善兵,先生,68,,55.0,捷捷微电,半导体器件
940,黄婉茹,先生,未知,,55.0,联泰,基础建设、房地产
940,江淦钧,先生,60,中国-广东-广州,55.0,索菲亚,家具
940,姜桂廷、宋桂花,先生,66,,55.0,景津环保,设备制造
940,蒋锦志,先生,未知,,55.0,景林资产,投资
940,金磊,先生,59,,55.0,长春高新,生物制药
940,黎经华,先生,62,,55.0,罗浮宫家居,家具零售
940,李建华、李晓奇,先生,71,中国-广东-梅州,55.0,威华,地板
940,李文美、王继华,先生,62,中国-吉林-长春,55.0,万孚生物,快速诊断试剂
940,李学凌,先生,51,,55.0,欢聚时代,游戏、语音软件
940,李缜、李晨,先生,60,,55.0,国轩高科,电池、房地产、影视、投资
940,林海川,先生,52,中国-广东-东莞,55.0,宏川,仓储物流
940,吕大龙,先生,未知,,55.0,韦尔股份,投资
940,马国林,先生,60,中国-浙江,55.0,卫星石化,化工
940,孟庆南,先生,66,中国-湖北,55.0,武汉凡谷,通信设备元件
940,潘龙泉,先生,61,,55.0,泉峰,电动工具
940,彭浩,先生,57,中国-陕西-咸阳,55.0,信维通信,通信部件
940,瞿晓铧、张含冰,先生,60,,55.0,阿特斯,光伏设备
940,商晓波、邓烨芳,先生,50,中国-浙江-绍兴,55.0,鸿路钢构,金属结构制造业
940,束小龙、董雪,先生,36,中国-安徽-合肥,55.0,老乡鸡,餐饮
940,孙永根,先生,53,中国-浙江-绍兴,55.0,天圣控股,化纤
940,汪东颖,先生,58,中国-甘肃-兰州,55.0,纳思达,打印设备
940,王刚,先生,48,,55.0,满帮,物流
940,王坚,先生,62,,55.0,阿里系,电子商务、金融科技
940,王俊,先生,48,,55.0,碳云、华大基因,医疗大数据、基因检测
940,伍亚林、伍阿凤,先生,57,中国-福建-莆田,55.0,博俊科技,汽车零部件
940,谢秉政、冯玲玲,先生,55,中国-浙江-温州,55.0,比音勒芬,服装
940,杨文龙,先生,62,中国-江西-宜春,55.0,仁和药业,医药
940,姚文琛,先生,73,,55.0,姚记扑克,文娱
940,张学武,先生,50,,55.0,盐津铺子,食品制造
940,张学政,先生,49,,55.0,闻泰科技,半导体
940,张镇潮,先生,57,,55.0,税友股份,财税软件
940,赵轶、徐昕,先生,48,中国-浙江,55.0,长川科技,半导体设备
940,郑元豹,先生,66,中国-浙江-温州,55.0,人民电器,工业电器、房地产、投资
940,钟声坚,先生,66,中国-广东-汕尾,55.0,仁恒,房地产
940,周光平,先生,未知,,55.0,小米,智能硬件与技术、投资
940,周剑,先生,48,,55.0,迈为股份,智能制造装备
987,杜越新,先生,未知,,54.0,嘉德,投资、拍卖
987,耿殿根,先生,68,,54.0,光环新网,电信运营
987,卢荣富,先生,53,,54.0,亿联网络,通信
987,徐子泉、康宁,先生,66,,54.0,捷成,软件与信息服务
991,奥凤廷,先生,65,,53.0,蒙泰,煤炭、热电、铝合金
991,代田田,先生,41,,53.0,柏楚电子,信息技术
991,丁水波,先生,54,中国-福建-泉州,53.0,特步,体育用品
991,刘满世,先生,75,中国-内蒙古,53.0,满世,煤炭
991,邱达强,先生,62,中国-香港,53.0,富地石油,石油化工
991,施清岛,先生,59,,53.0,台华新材,纺织材料
991,吴英,先生,60,,53.0,美畅,新材料
991,谢可滔,先生,60,,53.0,中教,教育
991,熊晓鸽,先生,69,中国-湖南-湘潭,53.0,IDG资本,投资
991,徐小平,先生,68,中国-江苏-泰兴,53.0,真格,投资
